Date,143850.KS,195980.KS,148070.KS,153130.KS
2014-05-12,20850.0,9981.3203125,106885.0,100960.0
2014-05-13,21085.0,10125.0,106890.0,100975.0
2014-05-14,21070.0,10215.0,106845.0,100985.0
2014-05-15,20975.0,10265.0,107460.0,101000.0
2014-05-16,20780.0,10195.0,107355.0,101010.0
2014-05-19,20880.0,10200.0,107385.0,101020.0
2014-05-20,20900.0,10240.0,107380.0,101025.0
2014-05-21,20800.0,10220.0,107545.0,101035.0
2014-05-22,20935.0,10290.0,107325.0,101045.0
2014-05-23,21035.0,10345.0,107410.0,101055.0
2014-05-26,21100.0,10345.0,107540.0,101060.0
2014-05-27,21185.0,10310.0,107600.0,101070.0
2014-05-28,21255.0,10290.0,107675.0,101070.0
2014-05-29,21265.0,10315.0,108000.0,101095.0
2014-05-30,21345.0,10290.0,107905.0,101095.0
2014-06-02,21380.0,10205.0,107745.0,101115.0
2014-06-03,21390.0,10220.0,107710.0,101140.0
2014-06-05,21415.0,10255.0,107545.0,101150.0
2014-06-09,21670.0,10390.0,107660.0,101150.0
2014-06-10,21665.0,10455.0,107925.0,101160.0
2014-06-11,21705.0,10480.0,107870.0,101175.0
2014-06-12,21620.0,10460.0,108215.0,101195.0
2014-06-13,21515.0,10440.0,108310.0,101210.0
2014-06-16,21485.0,10405.0,108330.0,101215.0
2014-06-17,21575.0,10390.0,108385.0,101230.0
2014-06-18,21625.0,10355.0,108405.0,101240.0
2014-06-19,21800.0,10430.0,108805.0,101260.0
2014-06-20,21800.0,10400.0,109100.0,101270.0
2014-06-23,21860.0,10400.0,109175.0,101275.0
2014-06-24,21795.0,10400.0,109290.0,101275.0
2014-06-25,21735.0,10390.0,109170.0,101285.0
2014-06-26,21810.0,10405.0,109270.0,101305.0
2014-06-27,21790.0,10410.0,109550.0,101305.0
2014-06-30,21835.0,10455.0,109660.0,101315.0
2014-07-01,21840.0,10450.0,109650.0,101335.0
2014-07-02,22005.0,10505.0,110255.0,101355.0
2014-07-03,21975.0,10550.0,110240.0,101375.0
2014-07-04,22075.0,10580.0,110115.0,101390.0
2014-07-07,22085.0,10595.0,110090.0,101390.0
2014-07-08,22020.0,10605.0,109905.0,101395.0
2014-07-09,21915.0,10565.0,109815.0,101410.0
2014-07-10,21955.0,10610.0,110435.0,101430.0
2014-07-11,21885.0,10550.0,110545.0,101450.0
2014-07-14,21955.0,10585.0,110530.0,101460.0
2014-07-15,22045.0,10630.0,110490.0,101460.0
2014-07-16,22005.0,10650.0,110855.0,101470.0
2014-07-17,22060.0,10675.0,111485.0,101510.0
2014-07-18,21820.0,10565.0,111505.0,101525.0
2014-07-21,22030.0,10650.0,111265.0,101540.0
2014-07-22,21995.0,10685.0,111300.0,101545.0
2014-07-23,22075.0,10775.0,111450.0,101560.0
2014-07-24,22130.0,10790.0,111225.0,101580.0
2014-07-25,22115.0,10775.0,111065.0,101585.0
2014-07-28,22035.0,10820.0,111235.0,101600.0
2014-07-29,22045.0,10805.0,111005.0,101595.0
2014-07-30,21985.0,10810.0,110945.0,101610.0
2014-07-31,21980.0,10730.0,110760.0,101630.0
2014-08-01,21595.0,10595.0,110465.0,101640.0
2014-08-04,21485.0,10655.0,110500.0,101640.0
2014-08-05,21620.0,10655.0,110610.0,101650.0
2014-08-06,21410.0,10585.0,110495.0,101655.0
2014-08-07,21465.0,10570.0,110700.0,101675.0
2014-08-08,21250.0,10440.0,111055.0,101685.0
2014-08-11,21560.0,10560.0,110960.0,101695.0
2014-08-12,21665.0,10645.0,110805.0,101710.0
2014-08-13,21650.0,10650.0,110815.0,101735.0
2014-08-14,21775.0,10715.0,110860.0,101705.0
2014-08-18,21880.0,10760.0,110690.0,101745.0
2014-08-19,22040.0,10815.0,110025.0,101745.0
2014-08-20,22100.0,10835.0,110165.0,101755.0
2014-08-21,22185.0,10780.0,110290.0,101765.0
2014-08-22,22300.0,10860.0,110250.0,101775.0
2014-08-25,22315.0,10820.0,110545.0,101780.0
2014-08-26,22290.0,10865.0,110915.0,101790.0
2014-08-27,22370.0,10930.0,111100.0,101795.0
2014-08-28,22370.0,10945.0,111275.0,101815.0
2014-08-29,22365.0,10875.0,111195.0,101825.0
2014-09-01,22410.0,10905.0,111275.0,101835.0
2014-09-02,22390.0,10855.0,111125.0,101840.0
2014-09-03,22395.0,10870.0,110875.0,101850.0
2014-09-04,22365.0,11015.0,110700.0,101880.0
2014-09-05,22360.0,10995.0,110865.0,102000.0
2014-09-11,22325.0,10735.0,110895.0,101925.0
2014-09-12,22370.0,10700.0,111200.0,101950.0
2014-09-15,22185.0,10580.0,111205.0,102000.0
2014-09-16,22250.0,10570.0,111600.0,102000.0
2014-09-17,22380.0,10610.0,111400.0,101990.0
2014-09-18,22455.0,10585.0,111635.0,102005.0
2014-09-19,22610.0,10605.0,111665.0,102015.0
2014-09-22,22530.0,10500.0,111885.0,102015.0
2014-09-23,22350.0,10400.0,112050.0,102030.0
2014-09-24,22225.0,10365.0,112080.0,102025.0
2014-09-25,22420.0,10370.0,112165.0,102040.0
2014-09-26,22130.0,10245.0,112375.0,102055.0
2014-09-29,22220.0,10200.0,112540.0,102065.0
2014-09-30,22170.0,10105.0,113035.0,102075.0
2014-10-01,22085.0,10040.0,113425.0,102110.0
2014-10-02,21875.0,9965.0,113365.0,102130.0
2014-10-06,22140.0,10010.0,113210.0,102140.0
2014-10-07,22015.0,10120.0,113110.0,102150.0
2014-10-08,21740.0,10065.0,113220.0,102160.0
2014-10-10,21620.0,10020.0,113505.0,102170.0
2014-10-13,21245.0,9840.0,113450.0,102175.0
2014-10-14,21090.0,9955.0,113450.0,102175.0
2014-10-15,21170.0,9930.0,113685.0,102190.0
2014-10-16,20815.0,9810.0,113955.0,102215.0
2014-10-17,20930.0,9695.0,114190.0,102220.0
2014-10-20,21315.0,9870.0,114010.0,102230.0
2014-10-21,21390.0,9820.0,114160.0,102240.0
2014-10-22,21780.0,9835.0,114180.0,102245.0
2014-10-23,21680.0,9885.0,114495.0,102260.0
2014-10-24,21895.0,9820.0,114795.0,102265.0
2014-10-27,22045.0,9870.0,114600.0,102280.0
2014-10-28,22035.0,9805.0,114615.0,102275.0
2014-10-29,22230.0,10050.0,114655.0,102285.0
2014-10-30,22230.0,10010.0,114890.0,102310.0
2014-10-31,22400.0,10135.0,115240.0,102310.0
2014-11-03,22570.0,10145.0,115215.0,102325.0
2014-11-04,22645.0,10125.0,115420.0,102330.0
2014-11-05,22610.0,10100.0,115390.0,102355.0
2014-11-06,22735.0,9975.0,115330.0,102375.0
2014-11-07,22825.0,9885.0,115155.0,102380.0
2014-11-10,22875.0,9980.0,115060.0,102390.0
2014-11-11,22960.0,9960.0,114785.0,102385.0
2014-11-12,22970.0,9935.0,114300.0,102375.0
2014-11-13,22995.0,9950.0,114045.0,102390.0
2014-11-14,22950.0,9900.0,114245.0,102395.0
2014-11-17,22945.0,9900.0,114285.0,102405.0
2014-11-18,22985.0,9850.0,114465.0,102410.0
2014-11-19,23105.0,9880.0,114585.0,102410.0
2014-11-20,23095.0,9895.0,114800.0,102430.0
2014-11-21,23210.0,9899.330078125,114810.0,102435.0
2014-11-24,23320.0,10160.0,115025.0,102445.0
2014-11-25,23370.0,10090.0,115485.0,102450.0
2014-11-26,23355.0,10115.0,115700.0,102460.0
2014-11-27,23395.0,10160.0,115605.0,102475.0
2014-11-28,23415.0,10085.0,115980.0,102480.0
2014-12-01,23255.0,9965.0,115985.0,102490.0
2014-12-02,23195.0,9860.0,116015.0,102490.0
2014-12-03,23390.0,9825.0,115530.0,102490.0
2014-12-04,23445.0,9870.0,114670.0,102495.0
2014-12-05,23415.0,9880.0,114920.0,102500.0
2014-12-08,23450.0,9865.0,114445.0,102510.0
2014-12-09,23325.0,9740.0,114610.0,102495.0
2014-12-10,23255.0,9640.0,114560.0,102505.0
2014-12-11,22955.0,9530.0,114965.0,102520.0
2014-12-12,22960.0,9465.0,115170.0,102525.0
2014-12-15,22700.0,9325.0,115215.0,102535.0
2014-12-16,22540.0,9185.0,115435.0,102535.0
2014-12-17,22410.0,9080.0,115335.0,102550.0
2014-12-18,22815.0,9240.0,115060.0,102550.0
2014-12-19,23460.0,9435.0,114900.0,102555.0
2014-12-22,23530.0,9540.0,115250.0,102555.0
2014-12-23,23585.0,9560.0,115415.0,102570.0
2014-12-24,23650.0,9520.0,115410.0,102585.0
2014-12-26,23690.0,9535.0,115680.0,102585.0
2014-12-29,23700.0,9595.0,112665.0,100015.0
2014-12-30,23740.0,9545.0,112880.0,100030.0
2015-01-02,23385.0,9575.0,112620.0,100060.0
2015-01-05,23255.0,9505.0,112540.0,100065.0
2015-01-06,22920.0,9315.0,113290.0,100085.0
2015-01-07,22720.0,9345.0,113595.0,100100.0
2015-01-08,23150.0,9520.0,113110.0,100115.0
2015-01-09,23365.0,9685.0,113490.0,100125.0
2015-01-12,23095.0,9635.0,114245.0,100140.0
2015-01-13,23035.0,9600.0,114405.0,100150.0
2015-01-14,22840.0,9620.0,115000.0,100160.0
2015-01-15,22930.0,9585.0,114405.0,100195.0
2015-01-16,22480.0,9560.0,115185.0,100185.0
2015-01-19,22895.0,9585.0,115095.0,100185.0
2015-01-20,22965.0,9560.0,115140.0,100195.0
2015-01-21,22980.0,9680.0,115100.0,100200.0
2015-01-22,23075.0,9765.0,114775.0,100210.0
2015-01-23,23380.0,9890.0,115295.0,100215.0
2015-01-26,23155.0,9920.0,115780.0,100225.0
2015-01-27,23355.0,9890.0,115675.0,100225.0
2015-01-28,23235.0,9870.0,115995.0,100225.0
2015-01-29,22600.0,9840.0,116315.0,100245.0
2015-01-30,22930.0,9725.0,116220.0,100250.0
2015-02-02,22675.0,9605.0,116220.0,100255.0
2015-02-03,22855.0,9655.0,116550.0,100265.0
2015-02-04,23255.0,9875.0,116085.0,100275.0
2015-02-05,23075.0,9790.0,115975.0,100295.0
2015-02-06,23400.0,9825.0,115970.0,100300.0
2015-02-09,23300.0,9805.0,115780.0,100305.0
2015-02-10,23255.0,9755.0,115345.0,100315.0
2015-02-11,23470.0,9685.0,115160.0,100295.0
2015-02-12,23510.0,9610.0,115125.0,100310.0
2015-02-13,23730.0,9825.0,114950.0,100315.0
2015-02-16,23795.0,9880.0,114385.0,100330.0
2015-02-17,23755.0,9865.0,115030.0,100335.0
2015-02-23,24010.0,9825.0,114845.0,100345.0
2015-02-24,24025.0,9865.0,114710.0,100355.0
2015-02-25,24080.0,9955.0,115180.0,100360.0
2015-02-26,24040.0,9940.0,115290.0,100375.0
2015-02-27,24015.0,9940.0,115400.0,100380.0
2015-03-02,24000.0,9935.0,115760.0,100400.0
2015-03-03,24095.0,9885.0,115495.0,100400.0
2015-03-04,23975.0,9865.0,115560.0,100410.0
2015-03-05,23910.0,9770.0,115505.0,100430.0
2015-03-06,23910.0,9745.0,115845.0,100445.0
2015-03-09,23615.0,9620.0,115515.0,100465.0
2015-03-10,23630.0,9535.0,115515.0,100475.0
2015-03-11,23380.0,9445.0,115580.0,100485.0
2015-03-12,23345.0,9480.0,115800.0,100525.0
2015-03-13,23610.0,9515.0,115600.0,100540.0
2015-03-16,23440.0,9415.0,115910.0,100550.0
2015-03-17,23665.0,9475.0,116055.0,100560.0
2015-03-18,23715.0,9560.0,116100.0,100570.0
2015-03-19,24030.0,9690.0,116860.0,100585.0
2015-03-20,23905.0,9625.0,116905.0,100590.0
2015-03-23,24110.0,9745.0,117130.0,100600.0
2015-03-24,24000.0,9770.0,117060.0,100600.0
2015-03-25,23855.0,9800.0,117230.0,100605.0
2015-03-26,23530.0,9730.0,117320.0,100620.0
2015-03-27,23545.0,9625.0,117150.0,100625.0
2015-03-30,23595.0,9690.0,117460.0,100635.0
2015-03-31,23740.0,9775.0,117580.0,100645.0
2015-04-01,23465.0,9765.0,117530.0,100660.0
2015-04-02,23515.0,9895.0,117780.0,100675.0
2015-04-03,23610.0,9995.0,118000.0,100680.0
2015-04-06,23450.0,10050.0,118315.0,100685.0
2015-04-07,23720.0,10055.0,118155.0,100695.0
2015-04-08,23680.0,10185.0,117955.0,100695.0
2015-04-09,23775.0,10320.0,118030.0,100710.0
2015-04-10,23880.0,10330.0,118645.0,100725.0
2015-04-13,23955.0,10395.0,118240.0,100730.0
2015-04-14,23910.0,10390.0,117885.0,100725.0
2015-04-15,23890.0,10380.0,117930.0,100735.0
2015-04-16,24045.0,10500.0,117640.0,100740.0
2015-04-17,24005.0,10555.0,118110.0,100750.0
2015-04-20,23835.0,10425.0,117805.0,100760.0
2015-04-21,23985.0,10400.0,117520.0,100760.0
2015-04-22,23955.0,10485.0,117535.0,100760.0
2015-04-23,24015.0,10565.0,116810.0,100775.0
2015-04-24,24115.0,10550.0,116720.0,100780.0
2015-04-27,24185.0,10680.0,116630.0,100775.0
2015-04-28,24085.0,10660.0,116055.0,100765.0
2015-04-29,24125.0,10520.0,115605.0,100775.0
2015-04-30,23995.0,10430.0,115605.0,100785.0
2015-05-04,24045.0,10395.0,114895.0,100785.0
2015-05-06,23955.0,10360.0,114310.0,100790.0
2015-05-07,23800.0,10220.0,113975.0,100800.0
2015-05-08,23895.0,10230.0,115115.0,100800.0
2015-05-11,24195.0,10320.0,115370.0,100820.0
2015-05-12,24105.0,10235.0,113990.0,100825.0
2015-05-13,24095.0,10240.0,114130.0,100815.0
2015-05-14,24040.0,10270.0,114715.0,100840.0
2015-05-15,24275.0,10295.0,114895.0,100845.0
2015-05-18,24280.0,10335.0,114700.0,100845.0
2015-05-19,24385.0,10375.0,114450.0,100850.0
2015-05-20,24380.0,10320.0,114915.0,100860.0
2015-05-21,24295.0,10260.0,115025.0,100875.0
2015-05-22,24425.0,10335.0,115045.0,100880.0
2015-05-26,24355.0,10290.0,115135.0,100880.0
2015-05-27,24125.0,10130.0,115220.0,100885.0
2015-05-28,24330.0,10080.0,115470.0,100900.0
2015-05-29,24360.0,10055.0,116395.0,100910.0
2015-06-01,24225.0,9995.0,116385.0,100920.0
2015-06-02,24215.0,9895.0,116620.0,100935.0
2015-06-03,24180.0,9930.0,115675.0,100945.0
2015-06-04,24270.0,9815.0,115120.0,100965.0
2015-06-05,24065.0,9785.0,115325.0,100970.0
2015-06-08,24015.0,9725.0,115015.0,100970.0
2015-06-09,23895.0,9640.0,115390.0,100980.0
2015-06-10,23940.0,9715.0,115270.0,100990.0
2015-06-11,24170.0,9715.0,114890.0,101000.0
2015-06-12,24135.0,9725.0,115390.0,101020.0
2015-06-15,23990.0,9680.0,115110.0,101030.0
2015-06-16,23920.0,9800.0,115095.0,101035.0
2015-06-17,24090.0,9625.0,114640.0,101030.0
2015-06-18,24010.0,9695.0,115000.0,101040.0
2015-06-19,24345.0,9750.0,115510.0,101035.0
2015-06-22,24300.0,9760.0,115145.0,101040.0
2015-06-23,24410.0,9845.0,115375.0,101040.0
2015-06-24,24405.0,9875.0,115300.0,101060.0
2015-06-25,24270.0,9870.0,115500.0,101070.0
2015-06-26,24140.0,9780.0,115250.0,101070.0
2015-06-29,23825.0,9590.0,115410.0,101065.0
2015-06-30,23685.0,9650.0,115635.0,101075.0
2015-07-01,23800.0,9730.0,115550.0,101090.0
2015-07-02,23865.0,9670.0,114930.0,101095.0
2015-07-03,23910.0,9680.0,115040.0,101100.0
2015-07-06,23560.0,9395.0,115495.0,101105.0
2015-07-07,23945.0,9345.0,115405.0,101110.0
2015-07-08,23765.0,9080.0,115410.0,101120.0
2015-07-09,23730.0,9085.0,115500.0,101130.0
2015-07-10,23780.0,9245.0,115105.0,101140.0
2015-07-13,23830.0,9355.0,115055.0,101145.0
2015-07-14,24155.0,9350.0,115140.0,101145.0
2015-07-15,24250.0,9335.0,115275.0,101155.0
2015-07-16,24270.0,9345.0,115430.0,101165.0
2015-07-17,24410.0,9415.0,115620.0,101170.0
2015-07-20,24450.0,9340.0,115565.0,101175.0
2015-07-21,24535.0,9355.0,115815.0,101170.0
2015-07-22,24300.0,9300.0,116045.0,101180.0
2015-07-23,24375.0,9240.0,116610.0,101195.0
2015-07-24,24270.0,9130.0,116990.0,101200.0
2015-07-27,24025.0,8940.0,116915.0,101210.0
2015-07-28,23970.0,8875.0,116530.0,101205.0
2015-07-29,24120.0,8855.0,116645.0,101210.0
2015-07-30,24290.0,8945.0,116470.0,101225.0
2015-07-31,24330.0,8885.0,116275.0,101220.0
2015-08-03,24260.0,8860.0,116465.0,101230.0
2015-08-04,24215.0,8850.0,116300.0,101230.0
2015-08-05,24145.0,8840.0,116030.0,101240.0
2015-08-06,24235.0,8810.0,116330.0,101250.0
2015-08-07,24085.0,8780.0,116280.0,101250.0
2015-08-10,24020.0,8790.0,116710.0,101255.0
2015-08-11,24135.0,8775.0,116965.0,101265.0
2015-08-12,23885.0,8575.0,117680.0,101275.0
2015-08-13,24195.0,8600.0,117520.0,101285.0
2015-08-14,24195.0,8600.0,117520.0,101285.0
2015-08-17,24175.0,8485.0,117570.0,101285.0
2015-08-18,24310.0,8455.0,117775.0,101300.0
2015-08-19,24200.0,8375.0,117430.0,101300.0
2015-08-20,23985.0,8280.0,117700.0,101310.0
2015-08-21,23355.0,8095.0,117950.0,101305.0
2015-08-24,22285.0,7760.0,118125.0,101310.0
2015-08-25,21910.0,7680.0,118220.0,101310.0
2015-08-26,22010.0,7830.0,118250.0,101310.0
2015-08-27,22395.0,7915.0,117635.0,101325.0
2015-08-28,22905.0,8125.0,117580.0,101325.0
2015-08-31,22780.0,8130.0,117710.0,101325.0
2015-09-01,22300.0,8095.0,117300.0,101335.0
2015-09-02,22315.0,7930.0,117935.0,101340.0
2015-09-03,22495.0,7910.0,117870.0,101355.0
2015-09-04,22330.0,7865.0,118040.0,101360.0
2015-09-07,22380.0,7760.0,118275.0,101375.0
2015-09-08,22410.0,7720.0,118240.0,101385.0
2015-09-09,22960.0,7980.0,118175.0,101385.0
2015-09-10,22585.0,7965.0,118340.0,101390.0
2015-09-11,22560.0,8025.0,118215.0,101405.0
2015-09-14,22650.0,7975.0,118080.0,101410.0
2015-09-15,22605.0,8005.0,118110.0,101405.0
2015-09-16,22850.0,8085.0,117980.0,101410.0
2015-09-17,23060.0,8250.0,117975.0,101425.0
2015-09-18,22975.0,8230.0,118655.0,101430.0
2015-09-21,22625.0,8130.0,118955.0,101435.0
2015-09-22,22770.0,8130.0,119050.0,101435.0
2015-09-23,22270.0,7875.0,119250.0,101440.0
2015-09-24,22290.0,7825.0,119155.0,101460.0
2015-09-25,22410.0,7780.0,119010.0,101460.0
2015-09-30,22005.0,7805.0,120010.0,101475.0
2015-10-01,22395.0,7920.0,119605.0,101480.0
2015-10-02,22285.0,7950.0,119705.0,101485.0
2015-10-05,22595.0,8075.0,120140.0,101485.0
2015-10-06,22820.0,8220.0,120145.0,101500.0
2015-10-07,22925.0,8355.0,119935.0,101510.0
2015-10-08,22935.0,8405.0,119790.0,101515.0
2015-10-12,23315.0,8600.0,119440.0,101515.0
2015-10-13,23315.0,8540.0,119355.0,101520.0
2015-10-14,23140.0,8450.0,119460.0,101525.0
2015-10-15,23145.0,8580.0,120065.0,101530.0
2015-10-16,23415.0,8605.0,120000.0,101535.0
2015-10-19,23400.0,8600.0,119910.0,101535.0
2015-10-20,23440.0,8600.0,119785.0,101545.0
2015-10-21,23525.0,8585.0,119480.0,101545.0
2015-10-22,23355.0,8505.0,119615.0,101555.0
2015-10-23,23820.0,8625.0,119690.0,101550.0
2015-10-26,23820.0,8635.0,119730.0,101555.0
2015-10-27,23825.0,8575.0,120065.0,101565.0
2015-10-28,23930.0,8540.0,120500.0,101560.0
2015-10-29,24080.0,8480.0,120130.0,101575.0
2015-10-30,24265.0,8440.0,119715.0,101570.0
2015-11-02,23930.0,8450.0,119520.0,101580.0
2015-11-03,24285.0,8525.0,119405.0,101580.0
2015-11-04,24355.0,8655.0,118670.0,101585.0
2015-11-05,24310.0,8615.0,119310.0,101595.0
2015-11-06,24275.0,8555.0,119085.0,101595.0
2015-11-09,24310.0,8405.0,118020.0,101595.0
2015-11-10,24075.0,8315.0,117975.0,101590.0
2015-11-11,24120.0,8280.0,117825.0,101590.0
2015-11-12,24075.0,8325.0,117940.0,101605.0
2015-11-13,23695.0,8215.0,117690.0,101610.0
2015-11-16,23335.0,8075.0,118195.0,101605.0
2015-11-17,23800.0,8170.0,118105.0,101615.0
2015-11-18,23765.0,8175.0,118070.0,101625.0
2015-11-19,24140.0,8280.0,118280.0,101630.0
2015-11-20,24120.0,8330.0,118565.0,101640.0
2015-11-23,24240.0,8380.0,118315.0,101635.0
2015-11-24,24175.0,8345.0,118390.0,101640.0
2015-11-25,24185.0,8350.0,118435.0,101640.0
2015-11-26,24250.0,8355.0,118605.0,101645.0
2015-11-27,24250.0,8265.0,118610.0,101635.0
2015-11-30,24185.0,8150.0,118570.0,101625.0
2015-12-01,24240.0,8185.0,118290.0,101630.0
2015-12-02,24365.0,8190.0,118575.0,101640.0
2015-12-03,24185.0,8145.0,118495.0,101665.0
2015-12-04,23865.0,8100.0,118000.0,101690.0
2015-12-07,24220.0,8075.0,118110.0,101685.0
2015-12-08,24040.0,7950.0,118360.0,101690.0
2015-12-09,23965.0,7885.0,118855.0,101695.0
2015-12-10,23795.0,7875.0,118805.0,101705.0
2015-12-11,23865.0,7760.0,118905.0,101720.0
2015-12-14,23465.0,7635.0,118975.0,101720.0
2015-12-15,23440.0,7680.0,118745.0,101720.0
2015-12-16,23765.0,7830.0,118935.0,101730.0
2015-12-17,23985.0,7865.0,119265.0,101735.0
2015-12-18,23575.0,7890.0,119790.0,101740.0
2015-12-21,23370.0,7855.0,120085.0,101750.0
2015-12-22,23550.0,7850.0,119930.0,101755.0
2015-12-23,23670.0,7935.0,119950.0,101765.0
2015-12-24,23860.0,8005.0,119810.0,101770.0
2015-12-28,23905.0,7985.0,120165.0,101775.0
2015-12-29,23895.0,7940.0,117255.0,100060.0
2015-12-30,24105.0,7920.0,117225.0,100030.0
2016-01-04,23520.0,7735.0,117710.0,100040.0
2016-01-05,23460.0,7630.0,117280.0,100055.0
2016-01-06,23275.0,7565.0,117465.0,100065.0
2016-01-07,22855.0,7410.0,117825.0,100080.0
2016-01-08,22770.0,7365.0,117495.0,100080.0
2016-01-11,22255.0,7205.0,117625.0,100080.0
2016-01-12,22215.0,7135.0,117670.0,100085.0
2016-01-13,22690.0,7225.0,117715.0,100090.0
2016-01-14,22040.0,7130.0,117820.0,100100.0
2016-01-15,22230.0,7105.0,117450.0,100110.0
2016-01-18,21910.0,6965.0,117840.0,100105.0
2016-01-19,22120.0,6975.0,117340.0,100120.0
2016-01-20,21525.0,6880.0,117890.0,100125.0
2016-01-21,21630.0,6800.0,117805.0,100135.0
2016-01-22,21945.0,6870.0,117615.0,100135.0
2016-01-25,22140.0,7080.0,117805.0,100140.0
2016-01-26,21775.0,6995.0,118165.0,100140.0
2016-01-27,22040.0,7015.0,117945.0,100145.0
2016-01-28,21940.0,7060.0,117935.0,100150.0
2016-01-29,22130.0,7185.0,118235.0,100160.0
2016-02-01,22505.0,7340.0,118890.0,100175.0
2016-02-02,22425.0,7295.0,118980.0,100195.0
2016-02-03,22135.0,7105.0,119310.0,100200.0
2016-02-04,22360.0,7225.0,119380.0,100225.0
2016-02-05,22265.0,7320.0,119290.0,100230.0
2016-02-11,21465.0,7115.0,120390.0,100240.0
2016-02-12,21375.0,7020.0,120260.0,100260.0
2016-02-15,21980.0,7135.0,119900.0,100250.0
2016-02-16,22115.0,7225.0,120495.0,100255.0
2016-02-17,22010.0,7180.0,120330.0,100280.0
2016-02-18,22495.0,7320.0,120230.0,100290.0
2016-02-19,22465.0,7295.0,120165.0,100285.0
2016-02-22,22535.0,7340.0,120050.0,100285.0
2016-02-23,22590.0,7390.0,120120.0,100275.0
2016-02-24,22415.0,7300.0,120075.0,100280.0
2016-02-25,22625.0,7265.0,120100.0,100290.0
2016-02-26,22780.0,7305.0,120400.0,100300.0
2016-02-29,22635.0,7270.0,120435.0,100305.0
2016-03-02,23200.0,7555.0,120080.0,100315.0
2016-03-03,23175.0,7650.0,119720.0,100315.0
2016-03-04,23275.0,7745.0,119495.0,100325.0
2016-03-07,23290.0,7830.0,119500.0,100325.0
2016-03-08,23265.0,7785.0,119845.0,100325.0
2016-03-09,23215.0,7735.0,119785.0,100335.0
2016-03-10,23255.0,7820.0,119670.0,100350.0
2016-03-11,23400.0,7870.0,119290.0,100345.0
2016-03-14,23575.0,7950.0,119080.0,100330.0
2016-03-15,23515.0,7855.0,119220.0,100340.0
2016-03-16,23575.0,7770.0,119175.0,100340.0
2016-03-17,23660.0,7930.0,119620.0,100355.0
2016-03-18,23800.0,8090.0,120025.0,100365.0
2016-03-21,23825.0,8110.0,120135.0,100360.0
2016-03-22,23915.0,8145.0,119990.0,100360.0
2016-03-23,23870.0,8105.0,119645.0,100360.0
2016-03-24,23700.0,8010.0,119925.0,100375.0
2016-03-25,23900.0,8005.0,119915.0,100385.0
2016-03-28,23800.0,7990.0,119990.0,100385.0
2016-03-29,23745.0,8000.0,120240.0,100390.0
2016-03-30,24000.0,8120.0,120665.0,100415.0
2016-03-31,24020.0,8180.0,120520.0,100420.0
2016-04-01,23895.0,8095.0,120515.0,100425.0
2016-04-04,24160.0,8095.0,120580.0,100420.0
2016-04-05,23995.0,8030.0,120480.0,100430.0
2016-04-06,23895.0,7960.0,120590.0,100435.0
2016-04-07,24085.0,7975.0,120395.0,100445.0
2016-04-08,23895.0,7940.0,120415.0,100440.0
2016-04-11,23815.0,8060.0,120595.0,100450.0
2016-04-12,23845.0,8110.0,120590.0,100455.0
2016-04-14,24250.0,8290.0,120035.0,100470.0
2016-04-15,24275.0,8295.0,120110.0,100460.0
2016-04-18,24125.0,8240.0,120105.0,100465.0
2016-04-19,24400.0,8290.0,120105.0,100470.0
2016-04-20,24410.0,8290.0,120390.0,100470.0
2016-04-21,24595.0,8360.0,120295.0,100485.0
2016-04-22,24355.0,8295.0,120370.0,100495.0
2016-04-25,24390.0,8235.0,120255.0,100495.0
2016-04-26,24345.0,8200.0,120485.0,100505.0
2016-04-27,24340.0,8230.0,120480.0,100515.0
2016-04-28,24285.0,8230.0,120480.0,100520.0
2016-04-29,24190.0,8220.0,120675.0,100535.0
2016-05-02,24090.0,8210.0,120680.0,100530.0
2016-05-03,24235.0,8155.0,120655.0,100550.0
2016-05-04,24065.0,7975.0,120945.0,100560.0
2016-05-09,24075.0,7910.0,120955.0,100565.0
2016-05-10,24135.0,7865.0,120990.0,100585.0
2016-05-11,24305.0,7950.0,121115.0,100590.0
2016-05-12,24180.0,7955.0,121090.0,100600.0
2016-05-13,24015.0,7890.0,121030.0,100595.0
2016-05-16,23990.0,7840.0,121005.0,100590.0
2016-05-17,24200.0,7885.0,120870.0,100595.0
2016-05-18,23940.0,7830.0,120745.0,100585.0
2016-05-19,23880.0,7750.0,120450.0,100590.0
2016-05-20,24010.0,7740.0,120810.0,100595.0
2016-05-23,24015.0,7795.0,120720.0,100605.0
2016-05-24,23950.0,7720.0,120935.0,100605.0
2016-05-25,24400.0,7860.0,120955.0,100605.0
2016-05-26,24440.0,7885.0,120930.0,100615.0
2016-05-27,24530.0,7945.0,120980.0,100620.0
2016-05-30,24625.0,7950.0,120755.0,100625.0
2016-05-31,24630.0,7975.0,120785.0,100625.0
2016-06-01,24550.0,7975.0,121225.0,100635.0
2016-06-02,24565.0,7965.0,121195.0,100655.0
2016-06-03,24685.0,7990.0,121200.0,100665.0
2016-06-07,24750.0,8190.0,121770.0,100670.0
2016-06-08,24735.0,8265.0,121850.0,100685.0
2016-06-09,24770.0,8280.0,122150.0,100710.0
2016-06-10,24760.0,8195.0,122400.0,100740.0
2016-06-13,24495.0,7980.0,122615.0,100740.0
2016-06-14,24375.0,7975.0,122485.0,100745.0
2016-06-15,24290.0,7935.0,122530.0,100745.0
2016-06-16,24225.0,7890.0,122885.0,100750.0
2016-06-17,24395.0,7900.0,122880.0,100755.0
2016-06-20,24525.0,8025.0,122620.0,100750.0
2016-06-21,24495.0,8120.0,122540.0,100755.0
2016-06-22,24490.0,8160.0,122560.0,100755.0
2016-06-23,24580.0,8185.0,122635.0,100760.0
2016-06-24,23530.0,7965.0,123620.0,100790.0
2016-06-27,23725.0,7935.0,124090.0,100800.0
2016-06-28,23640.0,7895.0,124220.0,100805.0
2016-06-29,23930.0,8050.0,124285.0,100805.0
2016-06-30,24255.0,8215.0,124410.0,100815.0
2016-07-01,24570.0,8270.0,124945.0,100825.0
2016-07-04,24710.0,8355.0,124905.0,100835.0
2016-07-05,24615.0,8305.0,125035.0,100845.0
2016-07-06,24415.0,8130.0,125110.0,100850.0
2016-07-07,24635.0,8190.0,125240.0,100870.0
2016-07-08,24545.0,8140.0,125335.0,100860.0
2016-07-11,25040.0,8345.0,125275.0,100865.0
2016-07-12,25035.0,8400.0,125165.0,100870.0
2016-07-13,25165.0,8495.0,125150.0,100870.0
2016-07-14,25230.0,8495.0,125565.0,100885.0
2016-07-15,25300.0,8590.0,125330.0,100880.0
2016-07-18,25350.0,8580.0,125105.0,100880.0
2016-07-19,25340.0,8625.0,124945.0,100895.0
2016-07-20,25350.0,8600.0,124885.0,100895.0
2016-07-21,25485.0,8645.0,124790.0,100900.0
2016-07-22,25355.0,8615.0,124880.0,100895.0
2016-07-25,25460.0,8595.0,124960.0,100900.0
2016-07-26,25450.0,8625.0,125075.0,100905.0
2016-07-27,25485.0,8635.0,125170.0,100905.0
2016-07-28,25455.0,8685.0,125375.0,100920.0
2016-07-29,25430.0,8650.0,125410.0,100925.0
2016-08-01,25575.0,8735.0,125565.0,100935.0
2016-08-02,25450.0,8700.0,125415.0,100930.0
2016-08-03,25255.0,8565.0,124950.0,100935.0
2016-08-04,25345.0,8610.0,125020.0,100930.0
2016-08-05,25400.0,8760.0,125300.0,100945.0
2016-08-08,25535.0,8820.0,124950.0,100945.0
2016-08-09,25510.0,8855.0,124985.0,100945.0
2016-08-10,25540.0,8900.0,125225.0,100945.0
2016-08-11,25530.0,8935.0,125295.0,100965.0
2016-08-12,25580.0,8945.0,125095.0,100960.0
2016-08-16,25640.0,9045.0,125170.0,100970.0
2016-08-17,25615.0,8995.0,124985.0,100965.0
2016-08-18,25605.0,9030.0,125150.0,100985.0
2016-08-19,25605.0,8985.0,125000.0,100980.0
2016-08-22,25590.0,8905.0,124900.0,100980.0
2016-08-23,25610.0,8920.0,124950.0,100975.0
2016-08-24,25660.0,8845.0,125100.0,100980.0
2016-08-25,25560.0,8860.0,124970.0,100990.0
2016-08-26,25530.0,8860.0,124980.0,100990.0
2016-08-29,25420.0,8800.0,124805.0,100995.0
2016-08-30,25600.0,8855.0,124960.0,101000.0
2016-08-31,25565.0,8845.0,124405.0,100995.0
2016-09-01,25550.0,8780.0,124125.0,101005.0
2016-09-02,25465.0,8800.0,123935.0,101005.0
2016-09-05,25620.0,8960.0,124100.0,101005.0
2016-09-06,25560.0,9025.0,124190.0,101020.0
2016-09-07,25670.0,9145.0,124610.0,101020.0
2016-09-08,25645.0,9125.0,124600.0,101035.0
2016-09-09,25570.0,9065.0,124180.0,101030.0
2016-09-12,24765.0,8785.0,123620.0,101050.0
2016-09-13,25230.0,8825.0,123550.0,101045.0
2016-09-19,25235.0,8840.0,123425.0,101050.0
2016-09-20,25195.0,8850.0,123470.0,101050.0
2016-09-21,25225.0,8890.0,123425.0,101055.0
2016-09-22,25385.0,9010.0,123940.0,101065.0
2016-09-23,25525.0,9070.0,124250.0,101070.0
2016-09-26,25370.0,8970.0,124440.0,101065.0
2016-09-27,25350.0,8990.0,124295.0,101065.0
2016-09-28,25325.0,8975.0,124445.0,101065.0
2016-09-29,25510.0,9045.0,124610.0,101075.0
2016-09-30,25165.0,8930.0,125330.0,101090.0
2016-10-04,25325.0,9005.0,124770.0,101090.0
2016-10-05,25255.0,9035.0,124275.0,101095.0
2016-10-06,25355.0,9070.0,124050.0,101105.0
2016-10-07,25310.0,9020.0,123930.0,101095.0
2016-10-10,25370.0,9030.0,123955.0,101100.0
2016-10-11,25385.0,8990.0,123155.0,101100.0
2016-10-12,25170.0,8910.0,123320.0,101100.0
2016-10-13,24970.0,8820.0,123975.0,101115.0
2016-10-14,25050.0,8820.0,124120.0,101125.0
2016-10-17,24945.0,8810.0,123340.0,101120.0
2016-10-18,25125.0,8895.0,123225.0,101115.0
2016-10-19,25150.0,8980.0,123320.0,101120.0
2016-10-20,25245.0,9015.0,123240.0,101125.0
2016-10-21,25140.0,8985.0,123300.0,101125.0
2016-10-24,25210.0,9015.0,123010.0,101125.0
2016-10-25,25285.0,9055.0,123100.0,101120.0
2016-10-26,25150.0,9015.0,123220.0,101120.0
2016-10-27,25090.0,8910.0,122755.0,101130.0
2016-10-28,25020.0,8910.0,122280.0,101130.0
2016-10-31,25120.0,8905.0,122520.0,101140.0
2016-11-01,25080.0,8950.0,122250.0,101140.0
2016-11-02,24710.0,8805.0,122210.0,101155.0
2016-11-03,24635.0,8775.0,122620.0,101165.0
2016-11-04,24580.0,8700.0,122530.0,101160.0
2016-11-07,24815.0,8735.0,122495.0,101160.0
2016-11-08,25090.0,8835.0,122395.0,101165.0
2016-11-09,24125.0,8680.0,123015.0,101170.0
2016-11-10,25545.0,8790.0,121500.0,101190.0
2016-11-11,25580.0,8500.0,120360.0,101185.0
2016-11-14,25625.0,8320.0,119150.0,101180.0
2016-11-15,25465.0,8260.0,118885.0,101165.0
2016-11-16,25695.0,8310.0,118860.0,101160.0
2016-11-17,25665.0,8295.0,118585.0,101150.0
2016-11-18,25735.0,8295.0,118200.0,101165.0
2016-11-21,25785.0,8300.0,118125.0,101150.0
2016-11-22,25915.0,8395.0,118180.0,101145.0
2016-11-23,25995.0,8450.0,118200.0,101135.0
2016-11-24,25955.0,8385.0,117710.0,101140.0
2016-11-25,26005.0,8405.0,117880.0,101120.0
2016-11-28,26050.0,8475.0,117950.0,101125.0
2016-11-29,25940.0,8490.0,118300.0,101145.0
2016-11-30,26010.0,8455.0,118350.0,101150.0
2016-12-01,25950.0,8515.0,117625.0,101165.0
2016-12-02,25780.0,8370.0,117100.0,101190.0
2016-12-05,25775.0,8355.0,117545.0,101200.0
2016-12-06,25995.0,8455.0,117910.0,101210.0
2016-12-07,26105.0,8490.0,117700.0,101220.0
2016-12-08,26400.0,8620.0,117885.0,101230.0
2016-12-09,26535.0,8630.0,117600.0,101245.0
2016-12-12,26660.0,8590.0,117025.0,101255.0
2016-12-13,26585.0,8590.0,117400.0,101265.0
2016-12-14,26755.0,8620.0,118045.0,101280.0
2016-12-15,26670.0,8485.0,117565.0,101290.0
2016-12-16,26725.0,8455.0,117820.0,101290.0
2016-12-19,26750.0,8395.0,117875.0,101290.0
2016-12-20,26750.0,8340.0,118125.0,101295.0
2016-12-21,26810.0,8375.0,118255.0,101295.0
2016-12-22,26670.0,8320.0,118420.0,101305.0
2016-12-23,26665.0,8260.0,118600.0,101310.0
2016-12-26,26820.0,8280.0,118500.0,101295.0
2016-12-27,26750.0,8275.0,118335.0,101295.0
2016-12-28,26730.0,8320.0,117315.0,100020.0
2016-12-29,26600.0,8375.0,117670.0,100025.0
2017-01-02,26450.0,8475.0,117630.0,100040.0
2017-01-03,26520.0,8495.0,117750.0,100050.0
2017-01-04,26635.0,8545.0,117335.0,100065.0
2017-01-05,26785.0,8670.0,117485.0,100085.0
2017-01-06,26795.0,8695.0,117740.0,100095.0
2017-01-09,26925.0,8655.0,117035.0,100090.0
2017-01-10,26760.0,8705.0,117145.0,100100.0
2017-01-11,26765.0,8755.0,117110.0,100100.0
2017-01-12,26785.0,8785.0,117530.0,100115.0
2017-01-13,26815.0,8835.0,117430.0,100115.0
2017-01-16,26840.0,8775.0,117150.0,100115.0
2017-01-17,26810.0,8805.0,117110.0,100125.0
2017-01-18,26830.0,8855.0,117180.0,100130.0
2017-01-19,26825.0,8815.0,116675.0,100130.0
2017-01-20,26815.0,8825.0,116915.0,100135.0
2017-01-23,26735.0,8855.0,117275.0,100150.0
2017-01-24,26765.0,8910.0,117325.0,100155.0
2017-01-25,26940.0,8960.0,117205.0,100170.0
2017-01-26,27210.0,9055.0,116670.0,100160.0
2017-01-31,26850.0,8975.0,116890.0,100165.0
2017-02-01,26920.0,8965.0,116910.0,100175.0
2017-02-02,26790.0,9005.0,116870.0,100195.0
2017-02-03,26885.0,9005.0,116760.0,100215.0
2017-02-06,27110.0,9100.0,116900.0,100210.0
2017-02-07,27050.0,9070.0,117275.0,100210.0
2017-02-08,27075.0,9050.0,117135.0,100220.0
2017-02-09,27095.0,9100.0,117490.0,100225.0
2017-02-10,27255.0,9135.0,116895.0,100230.0
2017-02-13,27390.0,9180.0,116890.0,100230.0
2017-02-14,27505.0,9240.0,117110.0,100235.0
2017-02-15,27650.0,9260.0,117050.0,100235.0
2017-02-16,27770.0,9295.0,117155.0,100255.0
2017-02-17,27730.0,9280.0,117315.0,100255.0
2017-02-20,27850.0,9260.0,116950.0,100255.0
2017-02-21,27830.0,9295.0,116610.0,100270.0
2017-02-22,27945.0,9360.0,116180.0,100270.0
2017-02-23,27930.0,9375.0,116510.0,100275.0
2017-02-24,27920.0,9345.0,117160.0,100280.0
2017-02-27,27995.0,9260.0,117045.0,100290.0
2017-02-28,27990.0,9265.0,117110.0,100290.0
2017-03-02,28310.0,9280.0,116595.0,100300.0
2017-03-03,28105.0,9140.0,116295.0,100300.0
2017-03-06,28080.0,9200.0,116120.0,100300.0
2017-03-07,28110.0,9235.0,115785.0,100300.0
2017-03-08,27990.0,9230.0,115835.0,100300.0
2017-03-09,28005.0,9125.0,115580.0,100315.0
2017-03-10,28110.0,9085.0,115675.0,100315.0
2017-03-13,28085.0,9210.0,115800.0,100320.0
2017-03-14,28105.0,9270.0,115705.0,100325.0
2017-03-15,28080.0,9270.0,115920.0,100335.0
2017-03-16,28290.0,9420.0,116900.0,100340.0
2017-03-17,28180.0,9510.0,116905.0,100345.0
2017-03-20,28105.0,9535.0,116950.0,100350.0
2017-03-21,28070.0,9615.0,117165.0,100350.0
2017-03-22,27600.0,9495.0,117130.0,100350.0
2017-03-23,27830.0,9520.0,117275.0,100370.0
2017-03-24,27835.0,9530.0,117200.0,100370.0
2017-03-27,27460.0,9540.0,117400.0,100375.0
2017-03-28,27755.0,9510.0,117395.0,100380.0
2017-03-29,27915.0,9530.0,117195.0,100380.0
2017-03-30,27890.0,9525.0,117180.0,100390.0
2017-03-31,27845.0,9465.0,117170.0,100405.0
2017-04-03,28000.0,9475.0,117185.0,100410.0
2017-04-04,27875.0,9470.0,117535.0,100415.0
2017-04-05,27900.0,9535.0,117535.0,100425.0
2017-04-06,27805.0,9475.0,117390.0,100435.0
2017-04-07,27855.0,9460.0,117075.0,100430.0
2017-04-10,27935.0,9445.0,116595.0,100440.0
2017-04-11,27875.0,9415.0,116670.0,100440.0
2017-04-12,27775.0,9420.0,116850.0,100450.0
2017-04-13,27765.0,9520.0,117310.0,100455.0
2017-04-14,27755.0,9440.0,117310.0,100460.0
2017-04-17,27570.0,9450.0,117430.0,100460.0
2017-04-18,27800.0,9470.0,117325.0,100465.0
2017-04-19,27665.0,9395.0,117665.0,100470.0
2017-04-20,27660.0,9410.0,117590.0,100475.0
2017-04-21,27925.0,9490.0,117525.0,100480.0
2017-04-24,28120.0,9530.0,117100.0,100480.0
2017-04-25,28150.0,9655.0,117140.0,100490.0
2017-04-26,28275.0,9725.0,117000.0,100485.0
2017-04-27,28170.0,9680.0,117015.0,100500.0
2017-04-28,28280.0,9655.0,117185.0,100515.0
2017-05-02,28290.0,9720.0,116870.0,100530.0
2017-05-04,28280.0,9705.0,116890.0,100545.0
2017-05-08,28410.0,9735.0,116660.0,100550.0
2017-05-10,28240.0,9785.0,116500.0,100550.0
2017-05-11,28350.0,9870.0,115995.0,100560.0
2017-05-12,28215.0,9875.0,116090.0,100565.0
2017-05-15,28350.0,9935.0,116400.0,100575.0
2017-05-16,28450.0,9970.0,116400.0,100575.0
2017-05-17,28250.0,10005.0,116395.0,100585.0
2017-05-18,27975.0,9890.0,116585.0,100600.0
2017-05-19,28020.0,9755.0,116685.0,100600.0
2017-05-22,28265.0,9915.0,116600.0,100595.0
2017-05-23,28325.0,9905.0,116555.0,100610.0
2017-05-24,28330.0,9900.0,116505.0,100605.0
2017-05-25,28570.0,10015.0,116800.0,100615.0
2017-05-26,28585.0,10010.0,117010.0,100615.0
2017-05-29,28625.0,10030.0,116760.0,100615.0
2017-05-30,28570.0,9990.0,116900.0,100625.0
2017-05-31,28505.0,9985.0,117320.0,100635.0
2017-06-01,28585.0,9935.0,117370.0,100640.0
2017-06-02,28850.0,9995.0,117370.0,100655.0
2017-06-05,28880.0,10055.0,117445.0,100655.0
2017-06-07,28810.0,10035.0,117620.0,100660.0
2017-06-08,28855.0,10055.0,118000.0,100670.0
2017-06-09,28795.0,10085.0,117650.0,100665.0
2017-06-12,28725.0,9985.0,117335.0,100675.0
2017-06-13,28840.0,9985.0,117870.0,100665.0
2017-06-14,28925.0,10005.0,117810.0,100675.0
2017-06-15,28855.0,10015.0,118150.0,100695.0
2017-06-16,28835.0,9920.0,117845.0,100690.0
2017-06-19,28855.0,10015.0,117815.0,100690.0
2017-06-20,29065.0,10075.0,117875.0,100700.0
2017-06-21,28905.0,9950.0,117960.0,100705.0
2017-06-22,28860.0,10000.0,118060.0,100715.0
2017-06-23,28905.0,10015.0,118070.0,100705.0
2017-06-26,28880.0,10110.0,118215.0,100715.0
2017-06-27,28875.0,10155.0,118095.0,100715.0
2017-06-28,28725.0,10040.0,117810.0,100720.0
2017-06-29,28975.0,10105.0,117675.0,100720.0
2017-06-30,28740.0,10035.0,117420.0,100730.0
2017-07-03,28805.0,10015.0,117195.0,100740.0
2017-07-04,28800.0,10010.0,116725.0,100750.0
2017-07-05,28745.0,10040.0,116795.0,100750.0
2017-07-06,28780.0,10040.0,116835.0,100765.0
2017-07-07,28575.0,9990.0,116435.0,100765.0
2017-07-10,28830.0,10000.0,116595.0,100770.0
2017-07-11,28780.0,10055.0,116665.0,100780.0
2017-07-12,28735.0,10150.0,116820.0,100780.0
2017-07-13,28950.0,10310.0,117205.0,100790.0
2017-07-14,28975.0,10340.0,116805.0,100790.0
2017-07-17,29125.0,10410.0,117010.0,100795.0
2017-07-18,29110.0,10455.0,117125.0,100800.0
2017-07-19,29170.0,10480.0,116995.0,100805.0
2017-07-20,29295.0,10520.0,117175.0,100810.0
2017-07-21,29285.0,10530.0,117655.0,100820.0
2017-07-24,29230.0,10520.0,117570.0,100825.0
2017-07-25,29245.0,10515.0,117520.0,100825.0
2017-07-26,29380.0,10505.0,117355.0,100830.0
2017-07-27,29430.0,10615.0,117565.0,100845.0
2017-07-28,29285.0,10505.0,117450.0,100850.0
2017-07-31,29330.0,10570.0,117440.0,100855.0
2017-08-01,29380.0,10665.0,117095.0,100860.0
2017-08-02,29340.0,10660.0,117275.0,100860.0
2017-08-03,29355.0,10585.0,117360.0,100875.0
2017-08-04,29365.0,10640.0,117355.0,100875.0
2017-08-07,29370.0,10660.0,117080.0,100875.0
2017-08-08,29370.0,10690.0,116770.0,100885.0
2017-08-09,29305.0,10640.0,116545.0,100880.0
2017-08-10,29280.0,10570.0,116185.0,100870.0
2017-08-11,28920.0,10400.0,116760.0,100875.0
2017-08-14,29015.0,10420.0,116985.0,100880.0
2017-08-16,29220.0,10510.0,116645.0,100885.0
2017-08-17,29235.0,10620.0,116760.0,100890.0
2017-08-18,28905.0,10570.0,117060.0,100885.0
2017-08-21,28725.0,10605.0,116895.0,100900.0
2017-08-22,28820.0,10600.0,116730.0,100905.0
2017-08-23,29085.0,10640.0,116725.0,100905.0
2017-08-24,28980.0,10710.0,116885.0,100915.0
2017-08-25,28935.0,10770.0,117200.0,100910.0
2017-08-28,28910.0,10810.0,117275.0,100925.0
2017-08-29,28900.0,10765.0,117205.0,100925.0
2017-08-30,29090.0,10835.0,117320.0,100925.0
2017-08-31,29205.0,10810.0,117400.0,100950.0
2017-09-01,29295.0,10835.0,117245.0,100955.0
2017-09-04,29390.0,10740.0,116680.0,100960.0
2017-09-05,29310.0,10815.0,116825.0,100970.0
2017-09-06,29175.0,10780.0,117185.0,100975.0
2017-09-07,29205.0,10840.0,117210.0,100980.0
2017-09-08,29215.0,10925.0,117570.0,100985.0
2017-09-11,29350.0,10920.0,117585.0,100990.0
2017-09-12,29500.0,10930.0,117510.0,100990.0
2017-09-13,29600.0,10995.0,117655.0,100995.0
2017-09-14,29605.0,10980.0,117615.0,101000.0
2017-09-15,29570.0,11025.0,117490.0,101000.0
2017-09-18,29710.0,11140.0,117470.0,101000.0
2017-09-19,29720.0,11080.0,117250.0,101000.0
2017-09-20,29690.0,11075.0,117060.0,101005.0
2017-09-21,29710.0,11020.0,117340.0,101020.0
2017-09-25,29645.0,10915.0,117495.0,101020.0
2017-09-26,29645.0,10915.0,117495.0,101020.0
2017-09-27,29640.0,10740.0,116735.0,101005.0
2017-09-28,29775.0,10675.0,116300.0,101035.0
2017-09-29,29795.0,10710.0,116390.0,101040.0
2017-10-10,30245.0,11020.0,116210.0,101050.0
2017-10-11,30275.0,11085.0,116090.0,101045.0
2017-10-12,30300.0,11165.0,116305.0,101060.0
2017-10-13,30290.0,11165.0,116575.0,101060.0
2017-10-16,30295.0,11215.0,116325.0,101065.0
2017-10-17,30380.0,11220.0,116270.0,101055.0
2017-10-18,30375.0,11190.0,116445.0,101055.0
2017-10-19,30350.0,11190.0,116165.0,101065.0
2017-10-20,30445.0,11170.0,115700.0,101025.0
2017-10-23,30585.0,11180.0,115590.0,101010.0
2017-10-24,30425.0,11120.0,115575.0,101030.0
2017-10-25,30460.0,11240.0,115475.0,101040.0
2017-10-26,30395.0,11075.0,114985.0,101050.0
2017-10-27,30400.0,11105.0,114750.0,101035.0
2017-10-30,30520.0,11150.0,115215.0,101040.0
2017-10-31,30520.0,11115.0,114945.0,101030.0
2017-11-01,30615.0,11200.0,114705.0,101030.0
2017-11-02,30480.0,11230.0,115025.0,101055.0
2017-11-03,30575.0,11270.0,115230.0,101065.0
2017-11-06,30595.0,11170.0,115095.0,101070.0
2017-11-07,30830.0,11305.0,114960.0,101080.0
2017-11-08,30710.0,11300.0,115030.0,101085.0
2017-11-09,30765.0,11260.0,115050.0,101095.0
2017-11-10,30700.0,11340.0,115050.0,101095.0
2017-11-13,30625.0,11285.0,114620.0,101090.0
2017-11-14,30590.0,11235.0,114480.0,101095.0
2017-11-15,30565.0,11175.0,114645.0,101090.0
2017-11-17,30645.0,11275.0,114990.0,101100.0
2017-11-20,30540.0,11385.0,115045.0,101105.0
2017-11-21,30680.0,11395.0,115130.0,101110.0
2017-11-22,30880.0,11560.0,115175.0,101110.0
2017-11-24,30790.0,11525.0,115335.0,101130.0
2017-11-27,30880.0,11415.0,115380.0,101130.0
2017-11-28,30830.0,11435.0,115570.0,101125.0
2017-11-29,31195.0,11405.0,115725.0,101130.0
2017-11-30,31180.0,11240.0,115945.0,101135.0
2017-12-01,31400.0,11205.0,115800.0,101155.0
2017-12-04,31600.0,11150.0,115780.0,101160.0
2017-12-05,31410.0,11210.0,115690.0,101165.0
2017-12-06,31195.0,10970.0,116000.0,101165.0
2017-12-07,31320.0,10980.0,115960.0,101190.0
2017-12-08,31350.0,11045.0,115890.0,101185.0
2017-12-11,31540.0,11185.0,115790.0,101195.0
2017-12-12,31645.0,11200.0,116120.0,101200.0
2017-12-13,31620.0,11090.0,116120.0,101210.0
2017-12-14,31670.0,11290.0,116240.0,101215.0
2017-12-15,31545.0,11130.0,116340.0,101225.0
2017-12-18,31895.0,11155.0,116420.0,101230.0
2017-12-19,31965.0,11190.0,116150.0,101225.0
2017-12-21,31820.0,11285.0,115970.0,101245.0
2017-12-22,31920.0,11295.0,115735.0,101250.0
2017-12-26,31870.0,11345.0,115910.0,101245.0
2017-12-27,31890.0,11345.0,115760.0,100025.0
2017-12-28,31875.0,11460.0,116005.0,100030.0
2018-01-03,31995.0,11740.0,115765.0,100055.0
2018-01-04,32205.0,11755.0,115765.0,100075.0
2018-01-05,32350.0,11880.0,115635.0,100090.0
2018-01-08,32560.0,11995.0,115490.0,100090.0
2018-01-09,32575.0,11980.0,115295.0,100095.0
2018-01-10,32640.0,11915.0,114520.0,100105.0
2018-01-11,32670.0,11900.0,114520.0,100115.0
2018-01-12,32860.0,12015.0,114780.0,100125.0
2018-01-15,33090.0,12050.0,114450.0,100130.0
2018-01-16,33185.0,12130.0,114485.0,100130.0
2018-01-17,33030.0,12060.0,114615.0,100135.0
2018-01-18,33255.0,12175.0,114770.0,100145.0
2018-01-19,33155.0,12250.0,114650.0,100165.0
2018-01-22,33325.0,12305.0,114530.0,100170.0
2018-01-23,33705.0,12360.0,114515.0,100175.0
2018-01-24,33690.0,12445.0,114735.0,100180.0
2018-01-25,33700.0,12585.0,114560.0,100190.0
2018-01-26,33755.0,12550.0,114635.0,100195.0
2018-01-29,34080.0,12690.0,113900.0,100200.0
2018-01-30,33700.0,12600.0,113550.0,100190.0
2018-01-31,33545.0,12485.0,113530.0,100200.0
2018-02-01,33630.0,12530.0,113640.0,100215.0
2018-02-02,33445.0,12340.0,113635.0,100220.0
2018-02-05,32620.0,12100.0,113635.0,100230.0
2018-02-06,30650.0,11880.0,113635.0,100230.0
2018-02-07,31635.0,11765.0,114130.0,100230.0
2018-02-08,31680.0,11705.0,113980.0,100250.0
2018-02-09,30865.0,11375.0,113675.0,100245.0
2018-02-12,31235.0,11595.0,113400.0,100255.0
2018-02-13,31385.0,11600.0,113400.0,100275.0
2018-02-14,31625.0,11685.0,113895.0,100285.0
2018-02-19,32535.0,12020.0,113485.0,100285.0
2018-02-20,32330.0,12000.0,113610.0,100285.0
2018-02-21,32145.0,11955.0,113710.0,100290.0
2018-02-22,31890.0,11945.0,113600.0,100300.0
2018-02-23,32295.0,12060.0,113600.0,100315.0
2018-02-26,32615.0,12210.0,113600.0,100320.0
2018-02-27,32905.0,12175.0,114065.0,100330.0
2018-02-28,32495.0,11945.0,114185.0,100345.0
2018-03-02,31720.0,11740.0,114320.0,100345.0
2018-03-05,31675.0,11770.0,114105.0,100345.0
2018-03-06,32240.0,11910.0,114205.0,100350.0
2018-03-07,31850.0,11805.0,114285.0,100350.0
2018-03-08,32275.0,11915.0,114345.0,100350.0
2018-03-09,32455.0,11930.0,114350.0,100350.0
2018-03-12,33135.0,12190.0,114180.0,100365.0
2018-03-13,32970.0,12145.0,114050.0,100370.0
2018-03-14,32735.0,12080.0,114410.0,100370.0
2018-03-15,32605.0,12085.0,114540.0,100385.0
2018-03-16,32560.0,12120.0,114535.0,100390.0
2018-03-19,32470.0,12095.0,114435.0,100395.0
2018-03-20,32230.0,12045.0,114410.0,100395.0
2018-03-21,32195.0,12085.0,114500.0,100405.0
2018-03-22,32170.0,12010.0,114625.0,100420.0
2018-03-23,31020.0,11665.0,115155.0,100425.0
2018-03-26,30960.0,11720.0,114970.0,100430.0
2018-03-27,31570.0,11875.0,114950.0,100430.0
2018-03-28,30905.0,11735.0,115405.0,100445.0
2018-03-29,30845.0,11565.0,115320.0,100450.0
2018-03-30,31235.0,11640.0,115500.0,100460.0
2018-04-02,31150.0,11765.0,115350.0,100465.0
2018-04-03,30515.0,11620.0,115315.0,100470.0
2018-04-04,30785.0,11660.0,115405.0,100480.0
2018-04-05,31380.0,11665.0,115530.0,100490.0
2018-04-06,31165.0,11650.0,115675.0,100500.0
2018-04-09,31025.0,11685.0,115625.0,100510.0
2018-04-10,31375.0,11665.0,115600.0,100505.0
2018-04-11,31190.0,11725.0,115805.0,100520.0
2018-04-12,31255.0,11730.0,115950.0,100530.0
2018-04-13,31490.0,11775.0,115850.0,100535.0
2018-04-16,31525.0,11630.0,115630.0,100540.0
2018-04-17,31860.0,11550.0,115560.0,100540.0
2018-04-18,32030.0,11600.0,115415.0,100550.0
2018-04-19,32035.0,11755.0,115315.0,100565.0
2018-04-20,31825.0,11645.0,115295.0,100565.0
2018-04-23,31635.0,11590.0,114885.0,100565.0
2018-04-24,31595.0,11485.0,114870.0,100570.0
2018-04-25,31110.0,11485.0,114535.0,100580.0
2018-04-26,31240.0,11390.0,114530.0,100595.0
2018-04-27,31575.0,11465.0,115000.0,100600.0
2018-04-30,31650.0,11625.0,115015.0,100610.0
2018-05-02,31365.0,11490.0,114645.0,100615.0
2018-05-03,31085.0,11495.0,114640.0,100635.0
2018-05-04,31075.0,11400.0,114510.0,100640.0
2018-05-08,31540.0,11375.0,114305.0,100635.0
2018-05-09,31585.0,11340.0,114325.0,100640.0
2018-05-10,31940.0,11480.0,114475.0,100650.0
2018-05-11,32100.0,11610.0,114400.0,100655.0
2018-05-14,32395.0,11635.0,114280.0,100660.0
2018-05-15,32185.0,11525.0,114140.0,100660.0
2018-05-16,32035.0,11420.0,114230.0,100670.0
2018-05-17,32165.0,11530.0,114375.0,100690.0
2018-05-18,32175.0,11385.0,114330.0,100700.0
2018-05-21,32255.0,11350.0,114530.0,100710.0
2018-05-23,32190.0,11300.0,114700.0,100710.0
2018-05-24,32245.0,11350.0,115045.0,100725.0
2018-05-25,32330.0,11300.0,115145.0,100735.0
2018-05-28,32280.0,11310.0,115045.0,100740.0
2018-05-29,32115.0,11245.0,115275.0,100735.0
2018-05-30,31925.0,11145.0,115455.0,100745.0
2018-05-31,32175.0,11155.0,115420.0,100755.0
2018-06-01,32075.0,11240.0,115380.0,100755.0
2018-06-04,32400.0,11235.0,115200.0,100770.0
2018-06-05,32465.0,11340.0,115080.0,100775.0
2018-06-07,32850.0,11485.0,114955.0,100790.0
2018-06-08,32700.0,11295.0,114955.0,100795.0
2018-06-11,32875.0,11360.0,115070.0,100800.0
2018-06-12,32950.0,11330.0,115135.0,100810.0
2018-06-14,32800.0,11260.0,115275.0,100820.0
2018-06-15,32920.0,11130.0,115565.0,100820.0
2018-06-18,32770.0,11025.0,115840.0,100825.0
2018-06-19,32480.0,10815.0,116055.0,100830.0
2018-06-20,32775.0,10840.0,116215.0,100830.0
2018-06-21,32825.0,10855.0,116300.0,100845.0
2018-06-22,32615.0,10780.0,116340.0,100845.0
2018-06-25,32465.0,10670.0,116315.0,100855.0
2018-06-26,32230.0,10570.0,116325.0,100860.0
2018-06-27,32170.0,10615.0,116625.0,100855.0
2018-06-28,32025.0,10445.0,116905.0,100870.0
2018-06-29,32230.0,10535.0,116820.0,100875.0
2018-07-02,31995.0,10630.0,117105.0,100885.0
2018-07-03,32260.0,10550.0,116830.0,100885.0
2018-07-04,32110.0,10445.0,116925.0,100900.0
2018-07-05,32105.0,10510.0,117125.0,100910.0
2018-07-06,32420.0,10540.0,116970.0,100915.0
2018-07-09,32775.0,10705.0,116850.0,100925.0
2018-07-10,32970.0,10770.0,116920.0,100935.0
2018-07-11,32795.0,10640.0,117170.0,100940.0
2018-07-12,32915.0,10665.0,117215.0,100960.0
2018-07-13,33175.0,10785.0,117050.0,100950.0
2018-07-16,33160.0,10730.0,117160.0,100950.0
2018-07-17,33030.0,10645.0,117115.0,100960.0
2018-07-18,33255.0,10730.0,117225.0,100970.0
2018-07-19,33260.0,10705.0,117200.0,100985.0
2018-07-20,33130.0,10660.0,117320.0,100985.0
2018-07-23,33105.0,10640.0,117300.0,100995.0
2018-07-24,33325.0,10705.0,116910.0,101000.0
2018-07-25,33310.0,10795.0,117050.0,101005.0
2018-07-26,33540.0,10950.0,117050.0,101010.0
2018-07-27,33635.0,10870.0,116965.0,101015.0
2018-07-30,33170.0,10935.0,116965.0,101010.0
2018-07-31,33200.0,10825.0,117150.0,101010.0
2018-08-01,33365.0,10825.0,116810.0,101020.0
2018-08-02,33175.0,10775.0,116895.0,101035.0
2018-08-03,33470.0,10700.0,117000.0,101035.0
2018-08-06,33620.0,10660.0,116970.0,101045.0
2018-08-07,33760.0,10700.0,117195.0,101050.0
2018-08-08,33815.0,10875.0,117150.0,101055.0
2018-08-09,33815.0,10800.0,117460.0,101070.0
2018-08-10,33635.0,10745.0,117700.0,101080.0
2018-08-13,33485.0,10505.0,117765.0,101090.0
2018-08-14,33555.0,10480.0,117610.0,101090.0
2018-08-16,33485.0,10220.0,117940.0,101100.0
2018-08-17,33665.0,10310.0,118345.0,101110.0
2018-08-20,33770.0,10255.0,118495.0,101120.0
2018-08-21,33835.0,10420.0,118945.0,101125.0
2018-08-22,33745.0,10430.0,118945.0,101135.0
2018-08-23,33865.0,10585.0,118755.0,101155.0
2018-08-24,33865.0,10525.0,118840.0,101150.0
2018-08-27,34120.0,10660.0,119095.0,101155.0
2018-08-28,34305.0,10675.0,119205.0,101165.0
2018-08-29,34340.0,10680.0,119225.0,101170.0
2018-08-30,34460.0,10700.0,119160.0,101165.0
2018-08-31,34340.0,10600.0,119495.0,101175.0
2018-09-03,34360.0,10560.0,119700.0,101205.0
2018-09-04,34430.0,10455.0,119785.0,101205.0
2018-09-05,34225.0,10330.0,119895.0,101220.0
2018-09-06,34090.0,10145.0,120400.0,101230.0
2018-09-07,34080.0,10215.0,120130.0,101230.0
2018-09-10,34080.0,10085.0,120200.0,101235.0
2018-09-11,34140.0,10140.0,120150.0,101230.0
2018-09-12,34220.0,10075.0,120105.0,101240.0
2018-09-13,34155.0,10165.0,120215.0,101255.0
2018-09-14,34405.0,10290.0,119805.0,101235.0
2018-09-17,34315.0,10250.0,119565.0,101245.0
2018-09-18,34200.0,10190.0,119285.0,101240.0
2018-09-19,34400.0,10280.0,119240.0,101245.0
2018-09-20,34410.0,10380.0,118850.0,101270.0
2018-09-21,34710.0,10490.0,118825.0,101265.0
2018-09-27,34365.0,10525.0,119255.0,101270.0
2018-09-28,34420.0,10505.0,119420.0,101275.0
2018-10-01,34660.0,10525.0,119260.0,101280.0
2018-10-02,34540.0,10405.0,119105.0,101290.0
2018-10-04,34415.0,10220.0,118700.0,101300.0
2018-10-05,34400.0,10110.0,118545.0,101310.0
2018-10-08,34180.0,10015.0,118455.0,101310.0
2018-10-10,34075.0,9985.0,118800.0,101310.0
2018-10-11,32605.0,9600.0,119230.0,101330.0
2018-10-12,32800.0,9730.0,119045.0,101345.0
2018-10-15,32500.0,9720.0,119130.0,101345.0
2018-10-16,32545.0,9735.0,119340.0,101345.0
2018-10-17,33275.0,9895.0,119675.0,101335.0
2018-10-18,33055.0,9830.0,120060.0,101360.0
2018-10-19,32865.0,9790.0,119815.0,101370.0
2018-10-22,32750.0,9745.0,119595.0,101375.0
2018-10-23,32175.0,9675.0,119935.0,101375.0
2018-10-24,32315.0,9665.0,120100.0,101375.0
2018-10-25,31580.0,9405.0,120565.0,101390.0
2018-10-26,31565.0,9385.0,120785.0,101390.0
2018-10-29,31435.0,9405.0,121220.0,101395.0
2018-10-30,31365.0,9400.0,121070.0,101415.0
2018-10-31,31810.0,9450.0,120655.0,101415.0
2018-11-01,31985.0,9655.0,120685.0,101425.0
2018-11-02,32580.0,10000.0,120350.0,101430.0
2018-11-05,32085.0,9920.0,120380.0,101435.0
2018-11-06,32335.0,9910.0,120350.0,101450.0
2018-11-07,32580.0,9925.0,120630.0,101460.0
2018-11-08,33170.0,10090.0,120710.0,101470.0
2018-11-09,33095.0,9865.0,120880.0,101480.0
2018-11-12,32940.0,9600.0,121200.0,101480.0
2018-11-13,32330.0,9495.0,121080.0,101485.0
2018-11-14,32175.0,9515.0,121310.0,101490.0
2018-11-16,32140.0,9710.0,121045.0,101495.0
2018-11-19,32210.0,9720.0,121360.0,101510.0
2018-11-20,31725.0,9610.0,121310.0,101510.0
2018-11-21,31265.0,9570.0,121210.0,101510.0
2018-11-22,31310.0,9595.0,121290.0,101525.0
2018-11-23,31120.0,9720.0,121580.0,101525.0
2018-11-26,31200.0,9770.0,121685.0,101530.0
2018-11-27,31425.0,9795.0,121810.0,101530.0
2018-11-28,31750.0,9855.0,121800.0,101535.0
2018-11-29,32235.0,10005.0,122130.0,101555.0
2018-11-30,32335.0,10015.0,122310.0,101550.0
2018-12-03,33100.0,10145.0,122095.0,101565.0
2018-12-04,32685.0,10155.0,122395.0,101565.0
2018-12-05,31900.0,10045.0,122745.0,101570.0
2018-12-06,31450.0,9860.0,123500.0,101580.0
2018-12-07,31670.0,9830.0,123455.0,101590.0
2018-12-10,30895.0,9735.0,123480.0,101600.0
2018-12-11,31075.0,9645.0,123405.0,101605.0
2018-12-12,31375.0,9750.0,123175.0,101610.0
2018-12-13,31425.0,9860.0,123055.0,101630.0
2018-12-14,30975.0,9780.0,123190.0,101630.0
2018-12-17,30810.0,9750.0,123375.0,101635.0
2018-12-18,30125.0,9600.0,123415.0,101650.0
2018-12-19,30085.0,9650.0,123910.0,101660.0
2018-12-20,29780.0,9625.0,124080.0,101670.0
2018-12-21,29240.0,9590.0,123675.0,101675.0
2018-12-24,28600.0,9555.0,123450.0,101680.0
2018-12-26,27585.0,9485.0,123630.0,101680.0
2018-12-27,28975.0,9520.0,121385.0,100035.0
2018-12-28,29330.0,9600.0,121370.0,100035.0
2019-01-02,29260.0,9590.0,121355.0,100045.0
2019-01-03,29025.0,9515.0,121395.0,100075.0
2019-01-04,29055.0,9580.0,121105.0,100085.0
2019-01-07,29890.0,9800.0,121155.0,100090.0
2019-01-08,30085.0,9780.0,121005.0,100090.0
2019-01-09,30400.0,9900.0,120830.0,100100.0
2019-01-10,30260.0,9990.0,121205.0,100115.0
2019-01-11,30525.0,10030.0,121035.0,100110.0
2019-01-14,30290.0,9925.0,121130.0,100115.0
2019-01-15,30605.0,10035.0,121330.0,100125.0
2019-01-16,30770.0,10035.0,121265.0,100130.0
2019-01-17,30680.0,10125.0,121285.0,100135.0
2019-01-18,31125.0,10160.0,120980.0,100145.0
2019-01-21,31395.0,10165.0,120855.0,100150.0
2019-01-22,31215.0,10130.0,120990.0,100150.0
2019-01-23,31045.0,10120.0,121125.0,100145.0
2019-01-24,31040.0,10180.0,121195.0,100165.0
2019-01-25,31200.0,10320.0,121005.0,100165.0
2019-01-28,31245.0,10310.0,120870.0,100170.0
2019-01-29,31070.0,10260.0,120730.0,100170.0
2019-01-30,31090.0,10345.0,120545.0,100175.0
2019-01-31,31600.0,10470.0,120840.0,100195.0
2019-02-01,31825.0,10520.0,121160.0,100205.0
2019-02-07,32080.0,10440.0,121190.0,100215.0
2019-02-08,31670.0,10380.0,121405.0,100225.0
2019-02-11,31850.0,10395.0,121590.0,100235.0
2019-02-12,32070.0,10405.0,121370.0,100240.0
2019-02-13,32465.0,10475.0,121230.0,100245.0
2019-02-14,32475.0,10345.0,121295.0,100250.0
2019-02-15,32195.0,10315.0,121540.0,100260.0
2019-02-18,32720.0,10350.0,121340.0,100265.0
2019-02-19,32705.0,10300.0,121295.0,100265.0
2019-02-20,32735.0,10470.0,121275.0,100270.0
2019-02-21,32890.0,10520.0,121120.0,100285.0
2019-02-22,32685.0,10515.0,121150.0,100280.0
2019-02-25,32980.0,10570.0,121150.0,100280.0
2019-02-26,32810.0,10620.0,121125.0,100290.0
2019-02-27,32850.0,10650.0,121335.0,100310.0
2019-02-28,32815.0,10570.0,121395.0,100315.0
2019-03-04,33175.0,10500.0,121020.0,100320.0
2019-03-05,32920.0,10540.0,120980.0,100320.0
2019-03-06,32810.0,10550.0,121090.0,100325.0
2019-03-07,32580.0,10455.0,121320.0,100340.0
2019-03-08,32275.0,10330.0,121585.0,100350.0
2019-03-11,32380.0,10350.0,121505.0,100355.0
2019-03-12,32820.0,10520.0,121400.0,100360.0
2019-03-13,32855.0,10455.0,121705.0,100365.0
2019-03-14,33130.0,10465.0,121620.0,100380.0
2019-03-15,33150.0,10515.0,121500.0,100385.0
2019-03-18,33335.0,10630.0,121415.0,100390.0
2019-03-19,33395.0,10630.0,121600.0,100390.0
2019-03-20,33385.0,10675.0,121610.0,100395.0
2019-03-21,33260.0,10740.0,122005.0,100405.0
2019-03-22,33615.0,10690.0,122110.0,100410.0
2019-03-25,32885.0,10465.0,122570.0,100415.0
2019-03-26,33060.0,10440.0,122345.0,100420.0
2019-03-27,33305.0,10530.0,122915.0,100435.0
2019-03-28,32970.0,10445.0,123360.0,100450.0
2019-03-29,33245.0,10520.0,123310.0,100465.0
2019-04-01,33590.0,10690.0,122930.0,100470.0
2019-04-02,33740.0,10660.0,122970.0,100475.0
2019-04-03,33910.0,10730.0,122765.0,100475.0
2019-04-04,33825.0,10755.0,122850.0,100495.0
2019-04-05,33980.0,10795.0,122660.0,100500.0
2019-04-08,34035.0,10800.0,123000.0,100500.0
2019-04-09,34070.0,10920.0,122875.0,100510.0
2019-04-10,33985.0,10900.0,122905.0,100515.0
2019-04-11,34075.0,10870.0,122930.0,100530.0
2019-04-12,34075.0,10845.0,122850.0,100530.0
2019-04-15,34270.0,10945.0,122455.0,100535.0
2019-04-16,34310.0,10905.0,122380.0,100530.0
2019-04-17,34315.0,10930.0,122180.0,100545.0
2019-04-18,34060.0,10945.0,122760.0,100555.0
2019-04-19,34290.0,10920.0,122700.0,100560.0
2019-04-22,34180.0,10900.0,122340.0,100565.0
2019-04-23,34290.0,10895.0,122485.0,100570.0
2019-04-24,34545.0,10885.0,122565.0,100575.0
2019-04-25,34535.0,10815.0,123040.0,100590.0
2019-04-26,34420.0,10770.0,122975.0,100590.0
2019-04-29,34660.0,10860.0,123105.0,100605.0
2019-04-30,34620.0,10820.0,123295.0,100610.0
2019-05-02,34470.0,10840.0,122925.0,100635.0
2019-05-03,34415.0,10815.0,122780.0,100635.0
2019-05-07,34500.0,10680.0,122920.0,100640.0
2019-05-08,34050.0,10535.0,122970.0,100650.0
2019-05-09,33830.0,10385.0,123150.0,100660.0
2019-05-10,33800.0,10390.0,123095.0,100675.0
2019-05-13,33660.0,10375.0,123045.0,100675.0
2019-05-14,33205.0,10135.0,123095.0,100685.0
2019-05-15,33550.0,10240.0,123185.0,100690.0
2019-05-16,33530.0,10170.0,123565.0,100700.0
2019-05-17,33775.0,10080.0,123610.0,100710.0
2019-05-20,33790.0,10170.0,123345.0,100720.0
2019-05-21,33625.0,10020.0,123535.0,100725.0
2019-05-22,33715.0,10075.0,123515.0,100730.0
2019-05-23,33480.0,10020.0,123770.0,100740.0
2019-05-24,33335.0,9950.0,123995.0,100750.0
2019-05-27,33380.0,9975.0,123850.0,100750.0
2019-05-28,33405.0,9990.0,123900.0,100760.0
2019-05-29,32845.0,9925.0,124430.0,100765.0
2019-05-30,32815.0,9975.0,124500.0,100780.0
2019-05-31,32595.0,9995.0,125075.0,100785.0
2019-06-03,32285.0,10160.0,124995.0,100805.0
2019-06-04,32405.0,10155.0,125095.0,100810.0
2019-06-05,33085.0,10200.0,125460.0,100830.0
2019-06-07,33580.0,10140.0,125410.0,100835.0
2019-06-10,33985.0,10260.0,125220.0,100845.0
2019-06-11,34105.0,10350.0,124950.0,100850.0
2019-06-12,33895.0,10425.0,125685.0,100855.0
2019-06-13,33880.0,10240.0,125705.0,100880.0
2019-06-14,34075.0,10260.0,125810.0,100895.0
2019-06-17,34105.0,10240.0,125645.0,100900.0
2019-06-18,34010.0,10245.0,125645.0,100905.0
2019-06-19,34395.0,10405.0,125835.0,100910.0
2019-06-20,34630.0,10635.0,126345.0,100925.0
2019-06-21,34710.0,10690.0,126215.0,100930.0
2019-06-24,34795.0,10620.0,126280.0,100940.0
2019-06-25,34620.0,10485.0,125990.0,100940.0
2019-06-26,34350.0,10540.0,125735.0,100930.0
2019-06-27,34430.0,10595.0,125745.0,100945.0
2019-06-28,34470.0,10655.0,125940.0,100945.0
2019-07-01,35010.0,10725.0,125895.0,100955.0
2019-07-02,34920.0,10725.0,125975.0,100960.0
2019-07-03,35000.0,10675.0,126475.0,100965.0
2019-07-04,35320.0,10735.0,126650.0,100990.0
2019-07-05,35340.0,10695.0,126660.0,100995.0
2019-07-08,35085.0,10530.0,126565.0,101005.0
2019-07-09,34930.0,10530.0,126585.0,101005.0
2019-07-10,35015.0,10505.0,126405.0,101010.0
2019-07-11,35295.0,10670.0,126505.0,101020.0
2019-07-12,35410.0,10585.0,126250.0,101035.0
2019-07-15,35490.0,10635.0,126180.0,101040.0
2019-07-16,35525.0,10620.0,126240.0,101050.0
2019-07-17,35380.0,10645.0,126515.0,101065.0
2019-07-18,35040.0,10655.0,127255.0,101075.0
2019-07-19,35360.0,10725.0,127500.0,101090.0
2019-07-22,35045.0,10690.0,127400.0,101105.0
2019-07-23,35190.0,10670.0,127410.0,101105.0
2019-07-24,35350.0,10640.0,127430.0,101115.0
2019-07-25,35570.0,10650.0,127735.0,101130.0
2019-07-26,35445.0,10635.0,127855.0,101145.0
2019-07-29,35535.0,10560.0,128005.0,101140.0
2019-07-30,35575.0,10600.0,128055.0,101155.0
2019-07-31,35480.0,10515.0,128175.0,101160.0
2019-08-01,35030.0,10415.0,128085.0,101170.0
2019-08-02,34690.0,10255.0,128515.0,101165.0
2019-08-05,34125.0,9950.0,129555.0,101185.0
2019-08-06,33405.0,9730.0,129685.0,101205.0
2019-08-07,33760.0,9815.0,129655.0,101220.0
2019-08-08,34085.0,9880.0,129545.0,101230.0
2019-08-09,34445.0,9970.0,129300.0,101235.0
2019-08-12,34410.0,9915.0,129365.0,101240.0
2019-08-13,33830.0,9740.0,129845.0,101250.0
2019-08-14,34490.0,9885.0,129920.0,101265.0
2019-08-16,33725.0,9810.0,130485.0,101270.0
2019-08-19,34250.0,9815.0,130445.0,101285.0
2019-08-20,34440.0,9890.0,130270.0,101295.0
2019-08-21,34195.0,9890.0,129585.0,101300.0
2019-08-22,34385.0,9880.0,129755.0,101300.0
2019-08-23,34505.0,9880.0,129470.0,101310.0
2019-08-26,33425.0,9660.0,130330.0,101305.0
2019-08-27,33795.0,9705.0,129990.0,101305.0
2019-08-28,33780.0,9745.0,129720.0,101310.0
2019-08-29,33870.0,9680.0,129845.0,101315.0
2019-08-30,34315.0,9755.0,129555.0,101325.0
2019-09-02,34230.0,9970.0,128850.0,101325.0
2019-09-03,34180.0,9765.0,128970.0,101320.0
2019-09-04,34420.0,9810.0,128840.0,101320.0
2019-09-05,34785.0,10070.0,128570.0,101320.0
2019-09-06,34980.0,10170.0,128530.0,101320.0
2019-09-09,35105.0,10185.0,128745.0,101315.0
2019-09-10,34970.0,10155.0,128555.0,101330.0
2019-09-11,35055.0,10235.0,128470.0,101325.0
2019-09-16,35190.0,10365.0,127185.0,101335.0
2019-09-17,35200.0,10325.0,127325.0,101325.0
2019-09-18,35260.0,10330.0,127660.0,101335.0
2019-09-19,35240.0,10350.0,127875.0,101340.0
2019-09-20,35340.0,10350.0,127760.0,101335.0
2019-09-23,35255.0,10375.0,127820.0,101335.0
2019-09-24,35285.0,10240.0,127810.0,101345.0
2019-09-25,34880.0,10160.0,128125.0,101335.0
2019-09-26,34995.0,10210.0,128115.0,101350.0
2019-09-27,35035.0,10115.0,127990.0,101355.0
2019-09-30,34950.0,10080.0,127845.0,101355.0
2019-10-01,35135.0,10175.0,127415.0,101365.0
2019-10-02,34530.0,9975.0,127465.0,101370.0
2019-10-04,34155.0,10000.0,128800.0,101370.0
2019-10-07,34500.0,10080.0,128725.0,101395.0
2019-10-08,34595.0,10130.0,128170.0,101400.0
2019-10-10,34250.0,10085.0,128000.0,101410.0
2019-10-11,34585.0,10170.0,127550.0,101405.0
2019-10-14,34915.0,10240.0,127560.0,101410.0
2019-10-15,34965.0,10200.0,127570.0,101420.0
2019-10-16,35140.0,10300.0,127200.0,101420.0
2019-10-17,35055.0,10320.0,126700.0,101435.0
2019-10-18,35145.0,10370.0,126630.0,101430.0
2019-10-21,35150.0,10335.0,125910.0,101430.0
2019-10-22,35300.0,10420.0,125780.0,101430.0
2019-10-23,35095.0,10395.0,125850.0,101430.0
2019-10-24,35290.0,10385.0,126050.0,101440.0
2019-10-25,35295.0,10455.0,125800.0,101435.0
2019-10-28,35515.0,10380.0,124775.0,101435.0
2019-10-29,35655.0,10495.0,124565.0,101415.0
2019-10-30,35590.0,10425.0,124790.0,101420.0
2019-10-31,35760.0,10530.0,125110.0,101435.0
2019-11-01,35715.0,10505.0,125110.0,101440.0
2019-11-04,36025.0,10660.0,124230.0,101450.0
2019-11-05,36160.0,10770.0,124160.0,101445.0
2019-11-06,36045.0,10785.0,124125.0,101455.0
2019-11-07,36025.0,10700.0,124325.0,101465.0
2019-11-08,36080.0,10715.0,124400.0,101465.0
2019-11-11,36115.0,10555.0,124700.0,101470.0
2019-11-12,36255.0,10660.0,124220.0,101470.0
2019-11-13,36175.0,10575.0,124505.0,101470.0
2019-11-15,36445.0,10510.0,124740.0,101480.0
2019-11-18,36595.0,10595.0,124730.0,101480.0
2019-11-19,36630.0,10620.0,125200.0,101490.0
2019-11-20,36535.0,10590.0,125735.0,101490.0
2019-11-21,36410.0,10455.0,125905.0,101500.0
2019-11-22,36460.0,10485.0,125740.0,101500.0
2019-11-25,36610.0,10570.0,125345.0,101500.0
2019-11-26,36780.0,10610.0,125520.0,101505.0
2019-11-27,36920.0,10530.0,125935.0,101515.0
2019-11-28,36900.0,10615.0,126095.0,101525.0
2019-11-29,36895.0,10470.0,126440.0,101525.0
2019-12-02,37025.0,10465.0,125900.0,101540.0
2019-12-03,36615.0,10390.0,125380.0,101540.0
2019-12-04,36330.0,10290.0,126035.0,101545.0
2019-12-05,36515.0,10410.0,126150.0,101560.0
2019-12-06,36690.0,10545.0,125925.0,101560.0
2019-12-09,36875.0,10480.0,126010.0,101560.0
2019-12-10,36845.0,10485.0,126330.0,101570.0
2019-12-11,36800.0,10500.0,126300.0,101565.0
2019-12-12,36955.0,10675.0,126310.0,101585.0
2019-12-13,37340.0,10820.0,126070.0,101585.0
2019-12-16,37350.0,10895.0,126355.0,101590.0
2019-12-17,37540.0,11010.0,126480.0,101590.0
2019-12-18,37425.0,11100.0,126525.0,101590.0
2019-12-19,37505.0,11075.0,126040.0,101605.0
2019-12-20,37620.0,11000.0,125810.0,101605.0
2019-12-23,37825.0,11030.0,126060.0,101615.0
2019-12-24,37845.0,11060.0,126265.0,101610.0
2019-12-26,37880.0,11115.0,126190.0,101620.0
2019-12-27,38100.0,11225.0,123085.0,101635.0
2019-12-30,38030.0,11175.0,123030.0,101630.0
2020-01-02,38000.0,11160.0,123285.0,101650.0
2020-01-03,37895.0,11345.0,124030.0,101660.0
2020-01-06,37785.0,11185.0,124360.0,101675.0
2020-01-07,38075.0,11240.0,123590.0,101685.0
2020-01-08,37850.0,11115.0,123360.0,101685.0
2020-01-09,38295.0,11245.0,122800.0,101700.0
2020-01-10,38515.0,11395.0,122380.0,101700.0
2020-01-13,38390.0,11490.0,122355.0,101700.0
2020-01-14,38565.0,11550.0,122605.0,101705.0
2020-01-15,38475.0,11385.0,122775.0,101705.0
2020-01-16,38675.0,11425.0,122715.0,101720.0
2020-01-17,38910.0,11450.0,122455.0,101720.0
2020-01-20,38990.0,11490.0,122400.0,101725.0
2020-01-21,38835.0,11350.0,123065.0,101715.0
2020-01-22,39090.0,11315.0,122820.0,101740.0
2020-01-23,38840.0,11130.0,122910.0,101745.0
2020-01-28,38210.0,10920.0,124200.0,101740.0
2020-01-29,38520.0,10970.0,124195.0,101760.0
2020-01-30,38145.0,10755.0,124635.0,101775.0
2020-01-31,38555.0,10665.0,124535.0,101790.0
2020-02-03,38020.0,10575.0,124695.0,101790.0
2020-02-04,38330.0,10735.0,123935.0,101800.0
2020-02-05,38615.0,10860.0,124020.0,101800.0
2020-02-06,39325.0,11065.0,123880.0,101815.0
2020-02-07,39230.0,10930.0,124160.0,101820.0
2020-02-10,39030.0,10885.0,124150.0,101825.0
2020-02-11,39415.0,10930.0,124155.0,101825.0
2020-02-12,39450.0,11085.0,124070.0,101835.0
2020-02-13,39430.0,11015.0,124160.0,101845.0
2020-02-14,39600.0,11085.0,123775.0,101850.0
2020-02-17,39710.0,11120.0,123975.0,101840.0
2020-02-18,39480.0,10955.0,124560.0,101845.0
2020-02-19,39580.0,11000.0,124700.0,101855.0
2020-02-20,39680.0,10980.0,125165.0,101870.0
2020-02-21,39285.0,10900.0,125725.0,101875.0
2020-02-24,38595.0,10635.0,126135.0,101885.0
2020-02-25,38190.0,10615.0,126150.0,101915.0
2020-02-26,36825.0,10460.0,126290.0,101915.0
2020-02-27,35955.0,10325.0,125955.0,101930.0
2020-02-28,34025.0,10030.0,126825.0,101910.0
2020-03-02,34740.0,10165.0,126610.0,101935.0
2020-03-03,35735.0,10255.0,126715.0,101940.0
2020-03-04,35565.0,10270.0,127310.0,101945.0
2020-03-05,36255.0,10555.0,127130.0,101970.0
2020-03-06,35000.0,10250.0,126550.0,101975.0
2020-03-09,35000.0,10250.0,126550.0,101975.0
2020-03-10,33195.0,9635.0,127500.0,101995.0
2020-03-11,32640.0,9715.0,127100.0,101990.0
2020-03-12,32640.0,9715.0,127100.0,101990.0
2020-03-13,29430.0,8685.0,124630.0,102010.0
2020-03-16,29660.0,8750.0,125315.0,102005.0
2020-03-17,29310.0,8185.0,125915.0,102035.0
2020-03-18,27950.0,7990.0,125380.0,102080.0
2020-03-19,27545.0,7565.0,123590.0,102090.0
2020-03-20,28250.0,7745.0,124000.0,102075.0
2020-03-23,25815.0,7720.0,122900.0,102090.0
